{
  "project_info": {
    "project_number": "756663111680",
    "project_id": "fitfuel-4639b",
    "storage_bucket": "fitfuel-4639b.appspot.com"
  },
  "client": [
    {
      "client_info": {
        "mobilesdk_app_id": "1:756663111680:android:2cff1b1ac4957f11ff48e5",
        "android_client_info": {
          "package_name": "com.fitfuel"
        }
      },
      "oauth_client": [],
      "api_key": [
        {
          "current_key": "AIzaSyCLKy4UApyximMhlD7SNmE20d_oisNDhM0"
        }
      ],
      "services": {
        "appinvite_service": {
          "other_platform_oauth_client": []
        }
      }
    }
  ],
  "configuration_version": "1"
}